[{"id":"25","products":[{"productNumber":1,"name":"NOTE 10","specification":"4G Android 9 Sim Free Unlocked Smartphone, 5.93 inch FHD+ Display with 4000mAh Battery, 4GB RAM+32GB ROM, 128GB Extension, Dual Sim Dual Camera Mobile phone (Gradient)","image":null,"price":"99.99"}],"createdDate":"2020-03-26T07:10:55.000+0000"},{"id":"27","products":[{"productNumber":31,"name":"NOTE 10","specification":"4G Android 9 Sim Free Unlocked Smartphone, 5.93 inch FHD+ Display with 4000mAh Battery, 4GB RAM+32GB ROM, 128GB Extension, Dual Sim Dual Camera Mobile phone (Gradient)","image":null,"price":"99.99"},{"productNumber":2,"name":"NOTE 10","specification":"4G Android 9 Sim Free Unlocked Smartphone, 5.93 inch FHD+ Display with 4000mAh Battery, 4GB RAM+32GB ROM, 128GB Extension, Dual Sim Dual Camera Mobile phone (Gradient)","image":null,"price":"99.99"},{"productNumber":17,"name":"NOTE 10","specification":"4G Android 9 Sim Free Unlocked Smartphone, 5.93 inch FHD+ Display with 4000mAh Battery, 4GB RAM+32GB ROM, 128GB Extension, Dual Sim Dual Camera Mobile phone (Gradient)","image":null,"price":"99.99"}],"createdDate":"2020-03-26T07:12:10.000+0000"},{"id":"31","products":[{"productNumber":31,"name":"NOTE 10","specification":"4G Android 9 Sim Free Unlocked Smartphone, 5.93 inch FHD+ Display with 4000mAh Battery, 4GB RAM+32GB ROM, 128GB Extension, Dual Sim Dual Camera Mobile phone (Gradient)","image":null,"price":"99.99"},{"productNumber":2,"name":"NOTE 10","specification":"4G Android 9 Sim Free Unlocked Smartphone, 5.93 inch FHD+ Display with 4000mAh Battery, 4GB RAM+32GB ROM, 128GB Extension, Dual Sim Dual Camera Mobile phone (Gradient)","image":null,"price":"99.99"},{"productNumber":17,"name":"NOTE 10","specification":"4G Android 9 Sim Free Unlocked Smartphone, 5.93 inch FHD+ Display with 4000mAh Battery, 4GB RAM+32GB ROM, 128GB Extension, Dual Sim Dual Camera Mobile phone (Gradient)","image":null,"price":"99.99"}],"createdDate":"2020-03-26T07:15:30.000+0000"},{"id":"35","products":[{"productNumber":32,"name":"NOTE 10","specification":"4G Android 9 Sim Free Unlocked Smartphone, 5.93 inch FHD+ Display with 4000mAh Battery, 4GB RAM+32GB ROM, 128GB Extension, Dual Sim Dual Camera Mobile phone (Gradient)","image":null,"price":"99.99"},{"productNumber":17,"name":"NOTE 10","specification":"4G Android 9 Sim Free Unlocked Smartphone, 5.93 inch FHD+ Display with 4000mAh Battery, 4GB RAM+32GB ROM, 128GB Extension, Dual Sim Dual Camera Mobile phone (Gradient)","image":null,"price":"99.99"}],"createdDate":"2020-04-01T17:55:13"},{"id":"39","products":[{"productNumber":12,"name":"hello","specification":"hello","image":"hello.jpg","price":"hello"}],"createdDate":"2020-04-22T20:22:43"},{"id":"43","products":[{"productNumber":11,"name":"hello","specification":"hello","image":"hello","price":"hello"}],"createdDate":"2020-04-23T09:50:48"},{"id":"47","products":[{"productNumber":10,"name":"test","specification":"test","image":null,"price":"10.00"}],"createdDate":"2020-04-23T17:21:46"},{"id":"51","products":[{"productNumber":10,"name":"test2","specification":"test2","image":"test2.jpg","price":"10.00"}],"createdDate":"2020-04-23T17:23:41"}]