[{"productNumber":1,"name":"NOTE 10","specification":"4G Android 9 Sim Free Unlocked Smartphone, 5.93 inch FHD+ Display with 4000mAh Battery, 4GB RAM+32GB ROM, 128GB Extension, Dual Sim Dual Camera Mobile phone (Gradient)","image":null,"price":"99.99"},{"productNumber":31,"name":"NOTE 10","specification":"4G Android 9 Sim Free Unlocked Smartphone, 5.93 inch FHD+ Display with 4000mAh Battery, 4GB RAM+32GB ROM, 128GB Extension, Dual Sim Dual Camera Mobile phone (Gradient)","image":null,"price":"99.99"},{"productNumber":2,"name":"NOTE 10","specification":"4G Android 9 Sim Free Unlocked Smartphone, 5.93 inch FHD+ Display with 4000mAh Battery, 4GB RAM+32GB ROM, 128GB Extension, Dual Sim Dual Camera Mobile phone (Gradient)","image":null,"price":"99.99"},{"productNumber":17,"name":"NOTE 10","specification":"4G Android 9 Sim Free Unlocked Smartphone, 5.93 inch FHD+ Display with 4000mAh Battery, 4GB RAM+32GB ROM, 128GB Extension, Dual Sim Dual Camera Mobile phone (Gradient)","image":null,"price":"99.99"},{"productNumber":31,"name":"NOTE 10","specification":"4G Android 9 Sim Free Unlocked Smartphone, 5.93 inch FHD+ Display with 4000mAh Battery, 4GB RAM+32GB ROM, 128GB Extension, Dual Sim Dual Camera Mobile phone (Gradient)","image":null,"price":"99.99"},{"productNumber":2,"name":"NOTE 10","specification":"4G Android 9 Sim Free Unlocked Smartphone, 5.93 inch FHD+ Display with 4000mAh Battery, 4GB RAM+32GB ROM, 128GB Extension, Dual Sim Dual Camera Mobile phone (Gradient)","image":null,"price":"99.99"},{"productNumber":17,"name":"NOTE 10","specification":"4G Android 9 Sim Free Unlocked Smartphone, 5.93 inch FHD+ Display with 4000mAh Battery, 4GB RAM+32GB ROM, 128GB Extension, Dual Sim Dual Camera Mobile phone (Gradient)","image":null,"price":"99.99"},{"productNumber":31,"name":"NOTE 10","specification":"4G Android 9 Sim Free Unlocked Smartphone, 5.93 inch FHD+ Display with 4000mAh Battery, 4GB RAM+32GB ROM, 128GB Extension, Dual Sim Dual Camera Mobile phone (Gradient)","image":null,"price":"99.99"},{"productNumber":2,"name":"NOTE 10","specification":"4G Android 9 Sim Free Unlocked Smartphone, 5.93 inch FHD+ Display with 4000mAh Battery, 4GB RAM+32GB ROM, 128GB Extension, Dual Sim Dual Camera Mobile phone (Gradient)","image":null,"price":"99.99"},{"productNumber":17,"name":"NOTE 10","specification":"4G Android 9 Sim Free Unlocked Smartphone, 5.93 inch FHD+ Display with 4000mAh Battery, 4GB RAM+32GB ROM, 128GB Extension, Dual Sim Dual Camera Mobile phone (Gradient)","image":null,"price":"99.99"},{"productNumber":31,"name":"NOTE 10","specification":"4G Android 9 Sim Free Unlocked Smartphone, 5.93 inch FHD+ Display with 4000mAh Battery, 4GB RAM+32GB ROM, 128GB Extension, Dual Sim Dual Camera Mobile phone (Gradient)","image":null,"price":"99.99"},{"productNumber":31,"name":"NOTE 10","specification":"4G Android 9 Sim Free Unlocked Smartphone, 5.93 inch FHD+ Display with 4000mAh Battery, 4GB RAM+32GB ROM, 128GB Extension, Dual Sim Dual Camera Mobile phone (Gradient)","image":null,"price":"99.99"},{"productNumber":31,"name":"NOTE 10","specification":"4G Android 9 Sim Free Unlocked Smartphone, 5.93 inch FHD+ Display with 4000mAh Battery, 4GB RAM+32GB ROM, 128GB Extension, Dual Sim Dual Camera Mobile phone (Gradient)","image":null,"price":"99.99"},{"productNumber":31,"name":"NOTE 10","specification":"4G Android 9 Sim Free Unlocked Smartphone, 5.93 inch FHD+ Display with 4000mAh Battery, 4GB RAM+32GB ROM, 128GB Extension, Dual Sim Dual Camera Mobile phone (Gradient)","image":null,"price":"99.99"},{"productNumber":32,"name":"NOTE 10","specification":"4G Android 9 Sim Free Unlocked Smartphone, 5.93 inch FHD+ Display with 4000mAh Battery, 4GB RAM+32GB ROM, 128GB Extension, Dual Sim Dual Camera Mobile phone (Gradient)","image":null,"price":"99.99"},{"productNumber":32,"name":"NOTE 10","specification":"4G Android 9 Sim Free Unlocked Smartphone, 5.93 inch FHD+ Display with 4000mAh Battery, 4GB RAM+32GB ROM, 128GB Extension, Dual Sim Dual Camera Mobile phone (Gradient)","image":null,"price":"99.99"},{"productNumber":32,"name":"NOTE 10","specification":"4G Android 9 Sim Free Unlocked Smartphone, 5.93 inch FHD+ Display with 4000mAh Battery, 4GB RAM+32GB ROM, 128GB Extension, Dual Sim Dual Camera Mobile phone (Gradient)","image":null,"price":"99.99"},{"productNumber":10,"name":"fghgh","specification":"hghfg","image":null,"price":"10.00"},{"productNumber":11,"name":"hello","specification":"hello","image":"hello","price":"hello"},{"productNumber":10,"name":"test","specification":"test","image":null,"price":"10.00"},{"productNumber":10,"name":"test2","specification":"test2","image":"test2.jpg","price":"10.00"}]